date_et,symbol,open,high,low,close,volume,vwap
2026-07-20,QQQ,702.16,705.8,695.51,696.06,29891050,700.29752
2026-07-20,TQQQ,69.47,70.505,67.5,67.65,50087464,68.99109
2026-07-21,QQQ,706.57,710.05,702.8,708.97,33901626,707.899419
2026-07-21,TQQQ,70.709,71.7199,69.61,71.37,37782825,70.875915
2026-07-22,QQQ,703.62,709.65,703.62,705.35,23863333,707.10994
2026-07-22,TQQQ,69.77,71.59,69.77,70.28,36071583,70.800949
2026-07-23,QQQ,694.67,698.66,687.79,691.96,44215945,692.490422
2026-07-23,TQQQ,67.11,68.27,65.02,66.3,80293379,66.461151
2026-07-24,QQQ,690.41,692.63,682.48,684.23,43059137,686.893457
2026-07-24,TQQQ,65.78,66.4,63.485,64,69278316,64.842034
2026-07-27,QQQ,691.68,692.3,675.945,682.12,42895615,681.588419
2026-07-27,TQQQ,66.06,66.23,61.64,63.4,70545686,63.295502
2026-07-28,QQQ,676.23,679.4,667.88,675.49,51579967,674.353509
2026-07-28,TQQQ,61.77,62.6095,59.4,61.56,73246377,61.146152
2026-07-29,QQQ,675.505,680.05,661.14,661.73,57414433,669.607208
2026-07-29,TQQQ,61.51,62.7366,57.5901,57.75,103593676,60.036335
2026-07-30,QQQ,674.76,685.12,673.3,683.55,66920022,681.068154
2026-07-30,TQQQ,61.13,63.837,60.74,63.3,75887524,62.609393
2026-07-31,QQQ,692.11,695.77,680.0512,687.99,50715774,687.095189
2026-07-31,TQQQ,65.74,66.77,62.3852,64.62,86720065,64.25846
2026-08-03,QQQ,688.3,701.59,685.82,700.07,45170192,696.96554
2026-08-03,TQQQ,64.71,68.4062,63.985,67.96,62234606,66.804065
2026-08-04,QQQ,708.16,725.66,707.53,723.85,59948149,719.154966
2026-08-04,TQQQ,70.31,75.41,70.14,74.82,73743061,73.360599
2026-08-05,QQQ,726.25,728.54,716.92,717.3,33715462,722.797141
2026-08-05,TQQQ,75.61,76.33,72.74,72.84,70894690,74.669523
2026-08-06,QQQ,710.82,719.32,708.5,714.65,33201840,715.451683
2026-08-06,TQQQ,70.85,73.445,70.16,72.03,60896319,72.251785
2026-08-07,QQQ,720.15,723.63,716.51,723.03,31239539,721.11478
2026-08-07,TQQQ,73.66,74.665,72.52,74.47,59418849,73.831524
2026-08-10,QQQ,722.39,724.67,720.33,720.87,26444234,722.048427
2026-08-10,TQQQ,74.27,74.98,73.64,73.8,44233616,74.21801
2026-08-11,QQQ,723.29,723.35,715.5,718.45,29452625,719.098617
2026-08-11,TQQQ,74.54,74.54,72.24,73.06,43682778,73.337436
2026-08-12,QQQ,727.08,727.25,722.92,723.7,29229923,724.574486
2026-08-12,TQQQ,75.62,75.69,74.38,74.6,46869966,74.890446
2026-08-13,QQQ,725.15,733.96,724.03,732.07,31764441,731.421826
2026-08-13,TQQQ,75.04,77.7662,74.71,77.15,49833956,76.959282
2026-08-14,QQQ,733.41,734.39,728.32,731.07,23967013,730.562334
2026-08-14,TQQQ,77.57,77.85,75.94,76.79,36623572,76.767006
2026-08-17,QQQ,732.95,734.58,729.27,729.87,26655147,731.846642
2026-08-17,TQQQ,77.38,77.9,76.21,76.4,39853870,77.053812
2026-08-18,QQQ,720.21,722.13,715.92,717.51,49173071,718.318427
2026-08-18,TQQQ,73.36,73.9599,72.01,72.53,51348120,72.868747
2026-08-19,QQQ,720.39,721.4999,712.61,716.08,35971998,716.53981
2026-08-19,TQQQ,73.37,73.7,71,72.06,49136682,72.232145
2026-08-20,QQQ,712.09,714.94,708.52,710.93,32805327,711.60838
2026-08-20,TQQQ,70.83,71.6883,69.76,70.48,56684063,70.714909
2026-08-21,QQQ,715.23,715.6738,709.2,713.44,33572671,712.804486
2026-08-21,TQQQ,71.7,71.83,69.91,71.17,47672126,70.928273
2026-08-24,QQQ,709.66,709.79,702.7,706.32,37732948,706.646277
2026-08-24,TQQQ,70,70.05,67.93,69.01,46706833,68.988063
2026-08-25,QQQ,711.22,714.04,707.45,710.72,24035386,710.501215
2026-08-25,TQQQ,70.42,71.27,69.35,70.27,44155130,70.241323
2026-08-26,QQQ,708.41,713.02,707.97,711.37,20560410,710.577598
2026-08-26,TQQQ,69.56,70.94,69.4401,70.47,40465849,70.216354
2026-08-27,QQQ,716.93,721.35,714.525,721.11,28881899,718.533665
2026-08-27,TQQQ,72.085,73.38,71.375,73.3,48790403,72.452771
2026-08-28,QQQ,719.74,724.125,715.085,716.43,34274930,718.497936
2026-08-28,TQQQ,72.85,74.18,71.43,71.85,58072977,72.540811
2026-08-31,QQQ,715.17,717.58,713.16,716.76,32457615,715.080039
2026-08-31,TQQQ,71.439,72.15,70.8227,71.92,42318783,71.374822
2026-09-01,QQQ,707.39,712.3,704.66,707.64,35412823,708.083613
2026-09-01,TQQQ,69.07,70.545,68.25,69.15,57326138,69.309813
2026-09-02,QQQ,707.1,709.7988,705.1,709.24,23649221,708.104229
2026-09-02,TQQQ,68.969,69.7599,68.3899,69.6,38891688,69.21639
2026-09-03,QQQ,710.85,718.915,709.69,717.67,29605900,715.494796
2026-09-03,TQQQ,70.059,72.42,69.705,72.03,46702229,71.165133
2026-09-04,QQQ,719.345,721.86,716.56,718.96,33032085,718.591902
2026-09-04,TQQQ,72.49,73.24,71.65,72.37,47359739,72.269575
2026-09-08,QQQ,720.909,721.886,715.57,718.36,28574813,718.883538
2026-09-08,TQQQ,72.95,73.2116,71.32,72.16,48314835,72.279684
2026-09-09,QQQ,716.4,719.7,714.02,716.31,26962497,716.588049
2026-09-09,TQQQ,71.545,72.545,70.84,71.55,38227218,71.622569
2026-09-10,QQQ,707.55,712.06,706.855,708.69,31606849,709.620183
2026-09-10,TQQQ,68.895,70.23,68.68,69.21,55674895,69.512174
2026-09-11,QQQ,715.68,717.63,713.63,714.88,26840235,715.686859
2026-09-11,TQQQ,71.189,71.76,70.6112,70.98,49053790,71.221326
2026-09-14,QQQ,703.325,712.95,702.74,709.18,35438003,708.125597
2026-09-14,TQQQ,67.529,70.39,67.34,69.27,49915800,68.845859
2026-09-15,QQQ,708.8,709.5299,703.635,704.54,26843591,705.650785
2026-09-15,TQQQ,69.129,69.33,67.61,67.9,38763843,68.252543
2026-09-16,QQQ,708,711.88,700,704.72,35817025,706.83603
2026-09-16,TQQQ,68.845,69.97,66.545,67.93,61691484,68.569706
2026-09-17,QQQ,715.95,718.0401,713.32,716.92,37399770,716.148524
2026-09-17,TQQQ,71.125,71.72,70.37,71.38,41941774,71.100096
2026-09-18,QQQ,718.83,721.73,715.08,721.45,48626900,718.658144
2026-09-18,TQQQ,71.915,72.7777,70.8094,72.64,41013070,71.688656
2026-09-21,QQQ,727.89,743.22,727.81,741.47,46894554,737.074912
2026-09-21,TQQQ,74.831,79.4899,74.83,78.91,55008200,77.449995
2026-09-22,QQQ,740.98,748.349,740.94,747.46,40283455,745.681196
2026-09-22,TQQQ,78.77,81.12,78.77,80.83,45293012,80.195115
2026-09-23,QQQ,746.97,747.13,738.191,741.21,33330340,740.9838
2026-09-23,TQQQ,80.53,80.57,77.69,78.66,52114954,78.627252
2026-09-24,QQQ,735.289,742.66,734.62,741.1,29091669,738.809704
2026-09-24,TQQQ,76.75,79.1,76.55,78.58,58118522,77.737888
2026-09-25,QQQ,742.83,745.915,739.64,744.5,30392820,743.690103
2026-09-25,TQQQ,79.09,80.06,78.0601,79.6,57878324,79.316185
2026-09-28,QQQ,740.455,741.42,731.63,736.53,41910459,736.683738
2026-09-28,TQQQ,78.29,78.595,75.465,77.04,57973284,77.124638
2026-09-29,QQQ,740.145,740.5799,735.34,737.93,27212834,737.748266
2026-09-29,TQQQ,78.13,78.255,76.62,77.46,47057555,77.398946
2026-09-30,QQQ,740.19,745.1,739.46,739.77,29986429,742.605723
2026-09-30,TQQQ,78.13,79.675,77.94,78.03,47402529,78.954568
2026-10-01,QQQ,742.51,744.67,736.25,742.03,35902346,740.712237
2026-10-01,TQQQ,78.88,79.53,76.87,78.73,66282764,78.18357
2026-10-02,QQQ,751.31,754.54,747.53,749.58,34674097,750.558492
2026-10-02,TQQQ,81.585,82.61,80.37,81.01,60900239,81.332557
