time_et,symbol,side,qty,price,fill_type,cum_qty,leaves_qty,order_id
2026-07-27 14:52:53,QQQ,buy,30,680.72,partial_fill,30,116.90326419,4074ebcd-ccac-42f6-9004-109f06dd0668
2026-07-27 14:52:53,QQQ,buy,31,680.78,partial_fill,61,85.892961015,4074ebcd-ccac-42f6-9004-109f06dd0668
2026-07-27 14:52:54,QQQ,buy,51,680.77,partial_fill,112,34.894222718,4074ebcd-ccac-42f6-9004-109f06dd0668
2026-07-27 14:52:54,QQQ,buy,33,680.77,fill,146.894222718,0,4074ebcd-ccac-42f6-9004-109f06dd0668
2026-07-27 14:52:54,QQQ,buy,1.894222718,680.77,partial_fill,113.894222718,33,4074ebcd-ccac-42f6-9004-109f06dd0668
2026-08-18 09:31:05,QQQ,sell,2,720.77,partial_fill,2,1.914318073,6dea00f6-673c-48da-8c98-488bcb21d7cb
2026-08-18 09:31:17,TQQQ,buy,19,73.55,partial_fill,19,18.394546231,aa423ab0-4e72-456f-95bb-249a7a58f58e
2026-08-18 09:32:53,QQQ,sell,1,720.05,fill,3.914318073,0,6dea00f6-673c-48da-8c98-488bcb21d7cb
2026-08-18 09:32:53,QQQ,sell,0.914318073,720.05,partial_fill,2.914318073,1,6dea00f6-673c-48da-8c98-488bcb21d7cb
2026-08-18 09:32:58,TQQQ,buy,18,73.19,fill,37.394546231,0,aa423ab0-4e72-456f-95bb-249a7a58f58e
2026-08-18 09:32:58,TQQQ,buy,0.394546231,73.19,partial_fill,19.394546231,18,aa423ab0-4e72-456f-95bb-249a7a58f58e
2026-08-25 10:16:42,QQQ,sell,9,710.16,partial_fill,9,9.841134392,8446fb3a-0071-4db2-a6dd-18160bb25986
2026-08-25 10:16:43,QQQ,sell,1,710.18,partial_fill,10,8.840857247,8446fb3a-0071-4db2-a6dd-18160bb25986
2026-08-25 10:16:43,TQQQ,buy,84,70.13,partial_fill,84,107.87694282,d07b0339-60f3-4e30-993c-18797c21a577
2026-08-25 10:16:43,TQQQ,buy,32,70.13,partial_fill,116,75.87694282,d07b0339-60f3-4e30-993c-18797c21a577
2026-08-25 10:16:43,QQQ,sell,2,710.14,partial_fill,12,6.841355225,8446fb3a-0071-4db2-a6dd-18160bb25986
2026-08-25 10:16:44,QQQ,sell,4,710.14,partial_fill,16,2.841355225,8446fb3a-0071-4db2-a6dd-18160bb25986
2026-08-25 10:16:44,TQQQ,buy,35,70.12,partial_fill,151,40.887763833,d07b0339-60f3-4e30-993c-18797c21a577
2026-08-25 10:16:44,QQQ,sell,1,710.15,fill,18.841315215,0,8446fb3a-0071-4db2-a6dd-18160bb25986
2026-08-25 10:16:44,QQQ,sell,1.841315215,710.15,partial_fill,17.841315215,1,8446fb3a-0071-4db2-a6dd-18160bb25986
2026-08-25 10:16:44,TQQQ,buy,24,70.11,partial_fill,175,16.893595778,d07b0339-60f3-4e30-993c-18797c21a577
2026-08-25 10:16:45,TQQQ,buy,15,70.1,fill,191.896005706,0,d07b0339-60f3-4e30-993c-18797c21a577
2026-08-25 10:16:45,TQQQ,buy,1.896005706,70.1,partial_fill,176.896005706,15,d07b0339-60f3-4e30-993c-18797c21a577
2026-08-26 09:51:40,TQQQ,sell,93,70.22,partial_fill,93,100.612076331,3a935719-e6f4-4956-8a3e-946794c1c1d4
2026-08-26 09:51:40,QQQ,buy,4,710.62,partial_fill,4,15.131800399,9f165c4f-aaa6-4357-adc4-5c025765ab68
2026-08-26 09:51:40,TQQQ,sell,81,70.22,partial_fill,174,19.612076331,3a935719-e6f4-4956-8a3e-946794c1c1d4
2026-08-26 09:51:40,QQQ,buy,14,710.63,fill,19.131587464,0,9f165c4f-aaa6-4357-adc4-5c025765ab68
2026-08-26 09:51:40,QQQ,buy,1.131587464,710.63,partial_fill,5.131587464,14,9f165c4f-aaa6-4357-adc4-5c025765ab68
2026-08-26 09:51:41,TQQQ,sell,16,70.25,partial_fill,190,3.603701067,3a935719-e6f4-4956-8a3e-946794c1c1d4
2026-08-26 09:51:41,TQQQ,sell,1,70.25,partial_fill,191,2.603701067,3a935719-e6f4-4956-8a3e-946794c1c1d4
2026-08-26 09:51:42,TQQQ,sell,1,70.25,fill,193.603701067,0,3a935719-e6f4-4956-8a3e-946794c1c1d4
2026-08-26 09:51:42,TQQQ,sell,1.603701067,70.25,partial_fill,192.603701067,1,3a935719-e6f4-4956-8a3e-946794c1c1d4
2026-08-27 09:32:52,TQQQ,buy,58,71.88,partial_fill,58,54.072203672,65b1869c-db9a-4b19-9ca9-1dff3583d8fc
2026-08-27 09:33:24,QQQ,sell,10,716.63,fill,11.24157515,0,6fea391f-f92b-42f7-aca6-3ccb70757360
2026-08-27 09:33:24,QQQ,sell,1.24157515,716.63,partial_fill,1.24157515,10,6fea391f-f92b-42f7-aca6-3ccb70757360
2026-08-27 09:33:54,TQQQ,buy,19,72.02,partial_fill,77,34.967092474,65b1869c-db9a-4b19-9ca9-1dff3583d8fc
2026-08-27 09:34:36,TQQQ,buy,20,71.64,partial_fill,97,15.152568397,65b1869c-db9a-4b19-9ca9-1dff3583d8fc
2026-08-27 09:35:09,TQQQ,buy,7,71.6,partial_fill,104,8.161033519,65b1869c-db9a-4b19-9ca9-1dff3583d8fc
2026-08-27 09:35:35,TQQQ,buy,4,71.67,partial_fill,108,4.153062648,65b1869c-db9a-4b19-9ca9-1dff3583d8fc
2026-08-27 09:35:50,TQQQ,buy,2,71.76,fill,112.147853957,0,65b1869c-db9a-4b19-9ca9-1dff3583d8fc
2026-08-27 09:35:50,TQQQ,buy,2.147853957,71.76,partial_fill,110.147853957,2,65b1869c-db9a-4b19-9ca9-1dff3583d8fc
2026-08-28 09:33:31,TQQQ,buy,139,72.46,fill,140.860612751,0,bd2278c7-d022-4a9f-b2ee-cc628ea94899
2026-08-28 09:33:31,TQQQ,buy,1.860612751,72.46,partial_fill,1.860612751,139,bd2278c7-d022-4a9f-b2ee-cc628ea94899
2026-08-28 09:34:03,QQQ,sell,6,718.56,partial_fill,6,8.204937653,41e0549c-c35c-4e24-bc1a-c5d2007b9e57
2026-08-28 09:34:21,QQQ,sell,7,718.98,fill,14.200144649,0,41e0549c-c35c-4e24-bc1a-c5d2007b9e57
2026-08-28 09:34:21,QQQ,sell,1.200144649,718.98,partial_fill,7.200144649,7,41e0549c-c35c-4e24-bc1a-c5d2007b9e57
2026-09-03 09:31:53,QQQ,sell,11,710.79,partial_fill,11,27.760984256,ec301677-5440-4a98-a77b-6f9087117450
2026-09-03 09:31:57,TQQQ,buy,220,70.07,partial_fill,220,173.185243328,7388f14c-8920-4fc7-b997-a47c2164e91e
2026-09-03 09:32:52,QQQ,sell,3,710.67,partial_fill,14,24.76567183,ec301677-5440-4a98-a77b-6f9087117450
2026-09-03 09:32:54,TQQQ,buy,108,69.93,partial_fill,328,65.531960531,7388f14c-8920-4fc7-b997-a47c2164e91e
2026-09-03 09:33:32,TQQQ,buy,41,69.98,partial_fill,369,24.485138611,7388f14c-8920-4fc7-b997-a47c2164e91e
2026-09-03 09:34:12,QQQ,sell,23,711.06,fill,38.752088431,0,ec301677-5440-4a98-a77b-6f9087117450
2026-09-03 09:34:12,QQQ,sell,1.752088431,711.06,partial_fill,15.752088431,23,ec301677-5440-4a98-a77b-6f9087117450
2026-09-03 09:34:33,TQQQ,buy,22,70.29,fill,393.377151799,0,7388f14c-8920-4fc7-b997-a47c2164e91e
2026-09-03 09:34:33,TQQQ,buy,2.377151799,70.29,partial_fill,371.377151799,22,7388f14c-8920-4fc7-b997-a47c2164e91e
2026-09-17 09:31:37,QQQ,sell,14,715.43,fill,15.904602826,0,79e96b67-e450-42df-82d1-5f90b7c75307
2026-09-17 09:31:37,QQQ,sell,1.904602826,715.43,partial_fill,1.904602826,14,79e96b67-e450-42df-82d1-5f90b7c75307
2026-09-17 09:32:00,TQQQ,buy,66,70.85,partial_fill,66,94.593366266,74d62caa-8c15-4229-9cec-5e4484be57a2
2026-09-17 09:32:38,TQQQ,buy,13,70.87,partial_fill,79,81.56667137,74d62caa-8c15-4229-9cec-5e4484be57a2
2026-09-17 09:33:08,TQQQ,buy,42,70.82,partial_fill,121,39.624258683,74d62caa-8c15-4229-9cec-5e4484be57a2
2026-09-17 09:33:27,TQQQ,buy,8,70.73,partial_fill,129,31.674678354,74d62caa-8c15-4229-9cec-5e4484be57a2
2026-09-17 09:33:39,TQQQ,buy,30,70.7,fill,160.688118811,0,74d62caa-8c15-4229-9cec-5e4484be57a2
2026-09-17 09:33:39,TQQQ,buy,1.688118811,70.7,partial_fill,130.688118811,30,74d62caa-8c15-4229-9cec-5e4484be57a2
2026-09-18 09:36:07,QQQ,buy,16,718.8,fill,17.74645242,0,2a1a0da9-829a-4d41-aa24-274ff60e009d
2026-09-18 09:36:07,QQQ,buy,1.74645242,718.8,partial_fill,1.74645242,16,2a1a0da9-829a-4d41-aa24-274ff60e009d
2026-09-18 09:36:08,TQQQ,sell,176,71.92,fill,177.365823136,0,e3bf2c35-72a8-4037-9126-31bd5eeda4e3
2026-09-18 09:36:08,TQQQ,sell,1.365823136,71.92,partial_fill,1.365823136,176,e3bf2c35-72a8-4037-9126-31bd5eeda4e3
2026-09-22 09:39:20,TQQQ,sell,289,79.74,fill,290.810759969,0,f3b9d0cf-1378-4f84-ac8a-35fa616c1140
2026-09-22 09:39:20,TQQQ,sell,1.810759969,79.74,partial_fill,1.810759969,289,f3b9d0cf-1378-4f84-ac8a-35fa616c1140
2026-09-22 09:39:20,QQQ,buy,30,743.98,fill,31.169184655,0,e21313c4-6a0c-4bd0-9710-0837a3f1b9fa
2026-09-22 09:39:20,QQQ,buy,1.169184655,743.98,partial_fill,1.169184655,30,e21313c4-6a0c-4bd0-9710-0837a3f1b9fa
2026-10-01 09:32:58,TQQQ,buy,47,78.88,partial_fill,47,29.103321501,a7b0c3b1-ddfe-4b3c-9708-6930581ea028
2026-10-01 09:33:03,QQQ,sell,4,742.64,partial_fill,4,4.083364752,d284ab80-7282-43c4-a6a4-e2986ac511dd
2026-10-01 09:33:16,TQQQ,buy,20,79.03,partial_fill,67,9.048083006,a7b0c3b1-ddfe-4b3c-9708-6930581ea028
2026-10-01 09:33:19,QQQ,sell,3,743.17,fill,8.080452655,0,d284ab80-7282-43c4-a6a4-e2986ac511dd
2026-10-01 09:33:19,QQQ,sell,1.080452655,743.17,partial_fill,5.080452655,3,d284ab80-7282-43c4-a6a4-e2986ac511dd
2026-10-01 09:33:52,TQQQ,buy,8,79.16,fill,76.03322385,0,a7b0c3b1-ddfe-4b3c-9708-6930581ea028
2026-10-01 09:33:52,TQQQ,buy,1.03322385,79.16,partial_fill,68.03322385,8,a7b0c3b1-ddfe-4b3c-9708-6930581ea028
