submitted_et,filled_et,symbol,side,type,time_in_force,notional_requested,qty_requested,filled_qty,filled_avg_price,filled_value,status,order_id
2026-07-27 14:52:52,2026-07-27 14:52:54,QQQ,buy,market,day,100000,,146.894222718,680.761899,99999.99,filled,4074ebcd-ccac-42f6-9004-109f06dd0668
2026-08-18 08:55:44,2026-08-18 09:32:53,QQQ,sell,market,day,,3.914318073,3.914318073,720.41788,2819.94,filled,6dea00f6-673c-48da-8c98-488bcb21d7cb
2026-08-18 08:57:41,2026-08-18 09:32:58,TQQQ,buy,market,day,,37.394546231,37.394546231,73.372914,2743.75,filled,aa423ab0-4e72-456f-95bb-249a7a58f58e
2026-08-25 10:16:42,2026-08-25 10:16:44,QQQ,sell,market,day,13380.23,,18.841315215,710.153185,13380.22,filled,8446fb3a-0071-4db2-a6dd-18160bb25986
2026-08-25 10:16:42,2026-08-25 10:16:45,TQQQ,buy,market,day,13456.34,,191.896005706,70.123033,13456.33,filled,d07b0339-60f3-4e30-993c-18797c21a577
2026-08-26 09:51:39,2026-08-26 09:51:42,TQQQ,sell,market,day,13595.45,,193.603701067,70.223038,13595.44,filled,3a935719-e6f4-4956-8a3e-946794c1c1d4
2026-08-26 09:51:39,2026-08-26 09:51:40,QQQ,buy,market,day,13595.45,,19.131587464,710.627909,13595.44,filled,9f165c4f-aaa6-4357-adc4-5c025765ab68
2026-08-27 09:30:41,2026-08-27 09:33:24,QQQ,sell,market,day,8056.06,,11.24157515,716.63,8056.05,filled,6fea391f-f92b-42f7-aca6-3ccb70757360
2026-08-27 09:30:41,2026-08-27 09:35:50,TQQQ,buy,market,day,8055.76,,112.147853957,71.831513,8055.75,filled,65b1869c-db9a-4b19-9ca9-1dff3583d8fc
2026-08-28 09:33:12,2026-08-28 09:34:21,QQQ,sell,market,day,10207.11,,14.200144649,718.802537,10207.1,filled,41e0549c-c35c-4e24-bc1a-c5d2007b9e57
2026-08-28 09:33:12,2026-08-28 09:33:31,TQQQ,buy,market,day,10206.77,,140.860612751,72.46,10206.76,filled,bd2278c7-d022-4a9f-b2ee-cc628ea94899
2026-09-03 09:30:28,2026-09-03 09:34:12,QQQ,sell,market,day,27550.93,,38.752088431,710.953167,27550.92,filled,ec301677-5440-4a98-a77b-6f9087117450
2026-09-03 09:30:28,2026-09-03 09:34:33,TQQQ,buy,market,day,27550.5,,393.377151799,70.035816,27550.49,filled,7388f14c-8920-4fc7-b997-a47c2164e91e
2026-09-17 09:30:48,2026-09-17 09:31:37,QQQ,sell,market,day,11378.64,,15.904602826,715.43,11378.63,filled,79e96b67-e450-42df-82d1-5f90b7c75307
2026-09-17 09:30:48,2026-09-17 09:33:39,TQQQ,buy,market,day,11378.05,,160.688118811,70.808222,11378.04,filled,74d62caa-8c15-4229-9cec-5e4484be57a2
2026-09-18 09:36:07,2026-09-18 09:36:08,TQQQ,sell,market,day,12756.16,,177.365823136,71.92,12756.15,filled,e3bf2c35-72a8-4037-9126-31bd5eeda4e3
2026-09-18 09:36:07,2026-09-18 09:36:07,QQQ,buy,market,day,12756.16,,17.74645242,718.8,12756.15,filled,2a1a0da9-829a-4d41-aa24-274ff60e009d
2026-09-22 09:39:20,2026-09-22 09:39:20,TQQQ,sell,market,day,23189.26,,290.810759969,79.74,23189.25,filled,f3b9d0cf-1378-4f84-ac8a-35fa616c1140
2026-09-22 09:39:20,2026-09-22 09:39:20,QQQ,buy,market,day,23189.26,,31.169184655,743.98,23189.25,filled,e21313c4-6a0c-4bd0-9710-0837a3f1b9fa
2026-10-01 09:32:25,2026-10-01 09:33:19,QQQ,sell,market,day,6003.04,,8.080452655,742.907638,6003.03,filled,d284ab80-7282-43c4-a6a4-e2986ac511dd
2026-10-01 09:32:25,2026-10-01 09:33:52,TQQQ,buy,market,day,6003.04,,76.03322385,78.952722,6003.03,filled,a7b0c3b1-ddfe-4b3c-9708-6930581ea028
