date_et,timestamp_utc,epoch,equity,profit_loss,profit_loss_pct
2026-04-02,2026-04-03 00:00:00,1775174400,0.0,0.0,0.0
2026-04-06,2026-04-07 00:00:00,1775520000,0.0,0.0,0.0
2026-04-07,2026-04-08 00:00:00,1775606400,0.0,0.0,0.0
2026-04-08,2026-04-09 00:00:00,1775692800,0.0,0.0,0.0
2026-04-09,2026-04-10 00:00:00,1775779200,0.0,0.0,0.0
2026-04-10,2026-04-11 00:00:00,1775865600,0.0,0.0,0.0
2026-04-13,2026-04-14 00:00:00,1776124800,0.0,0.0,0.0
2026-04-14,2026-04-15 00:00:00,1776211200,0.0,0.0,0.0
2026-04-15,2026-04-16 00:00:00,1776297600,0.0,0.0,0.0
2026-04-16,2026-04-17 00:00:00,1776384000,0.0,0.0,0.0
2026-04-17,2026-04-18 00:00:00,1776470400,0.0,0.0,0.0
2026-04-20,2026-04-21 00:00:00,1776729600,0.0,0.0,0.0
2026-04-21,2026-04-22 00:00:00,1776816000,0.0,0.0,0.0
2026-04-22,2026-04-23 00:00:00,1776902400,0.0,0.0,0.0
2026-04-23,2026-04-24 00:00:00,1776988800,0.0,0.0,0.0
2026-04-24,2026-04-25 00:00:00,1777075200,0.0,0.0,0.0
2026-04-27,2026-04-28 00:00:00,1777334400,0.0,0.0,0.0
2026-04-28,2026-04-29 00:00:00,1777420800,0.0,0.0,0.0
2026-04-29,2026-04-30 00:00:00,1777507200,0.0,0.0,0.0
2026-04-30,2026-05-01 00:00:00,1777593600,0.0,0.0,0.0
2026-05-01,2026-05-02 00:00:00,1777680000,0.0,0.0,0.0
2026-05-04,2026-05-05 00:00:00,1777939200,0.0,0.0,0.0
2026-05-05,2026-05-06 00:00:00,1778025600,0.0,0.0,0.0
2026-05-06,2026-05-07 00:00:00,1778112000,0.0,0.0,0.0
2026-05-07,2026-05-08 00:00:00,1778198400,0.0,0.0,0.0
2026-05-08,2026-05-09 00:00:00,1778284800,0.0,0.0,0.0
2026-05-11,2026-05-12 00:00:00,1778544000,0.0,0.0,0.0
2026-05-12,2026-05-13 00:00:00,1778630400,0.0,0.0,0.0
2026-05-13,2026-05-14 00:00:00,1778716800,0.0,0.0,0.0
2026-05-14,2026-05-15 00:00:00,1778803200,0.0,0.0,0.0
2026-05-15,2026-05-16 00:00:00,1778889600,0.0,0.0,0.0
2026-05-18,2026-05-19 00:00:00,1779148800,0.0,0.0,0.0
2026-05-19,2026-05-20 00:00:00,1779235200,0.0,0.0,0.0
2026-05-20,2026-05-21 00:00:00,1779321600,0.0,0.0,0.0
2026-05-21,2026-05-22 00:00:00,1779408000,0.0,0.0,0.0
2026-05-22,2026-05-23 00:00:00,1779494400,0.0,0.0,0.0
2026-05-26,2026-05-27 00:00:00,1779840000,0.0,0.0,0.0
2026-05-27,2026-05-28 00:00:00,1779926400,0.0,0.0,0.0
2026-05-28,2026-05-29 00:00:00,1780012800,0.0,0.0,0.0
2026-05-29,2026-05-30 00:00:00,1780099200,0.0,0.0,0.0
2026-06-01,2026-06-02 00:00:00,1780358400,0.0,0.0,0.0
2026-06-02,2026-06-03 00:00:00,1780444800,0.0,0.0,0.0
2026-06-03,2026-06-04 00:00:00,1780531200,0.0,0.0,0.0
2026-06-04,2026-06-05 00:00:00,1780617600,0.0,0.0,0.0
2026-06-05,2026-06-06 00:00:00,1780704000,0.0,0.0,0.0
2026-06-08,2026-06-09 00:00:00,1780963200,0.0,0.0,0.0
2026-06-09,2026-06-10 00:00:00,1781049600,0.0,0.0,0.0
2026-06-10,2026-06-11 00:00:00,1781136000,0.0,0.0,0.0
2026-06-11,2026-06-12 00:00:00,1781222400,0.0,0.0,0.0
2026-06-12,2026-06-13 00:00:00,1781308800,0.0,0.0,0.0
2026-06-15,2026-06-16 00:00:00,1781568000,0.0,0.0,0.0
2026-06-16,2026-06-17 00:00:00,1781654400,0.0,0.0,0.0
2026-06-17,2026-06-18 00:00:00,1781740800,0.0,0.0,0.0
2026-06-18,2026-06-19 00:00:00,1781827200,0.0,0.0,0.0
2026-06-22,2026-06-23 00:00:00,1782172800,0.0,0.0,0.0
2026-06-23,2026-06-24 00:00:00,1782259200,0.0,0.0,0.0
2026-06-24,2026-06-25 00:00:00,1782345600,0.0,0.0,0.0
2026-06-25,2026-06-26 00:00:00,1782432000,0.0,0.0,0.0
2026-06-26,2026-06-27 00:00:00,1782518400,0.0,0.0,0.0
2026-06-29,2026-06-30 00:00:00,1782777600,0.0,0.0,0.0
2026-06-30,2026-07-01 00:00:00,1782864000,0.0,0.0,0.0
2026-07-01,2026-07-02 00:00:00,1782950400,0.0,0.0,0.0
2026-07-02,2026-07-03 00:00:00,1783036800,0.0,0.0,0.0
2026-07-06,2026-07-07 00:00:00,1783382400,0.0,0.0,0.0
2026-07-07,2026-07-08 00:00:00,1783468800,0.0,0.0,0.0
2026-07-08,2026-07-09 00:00:00,1783555200,0.0,0.0,0.0
2026-07-09,2026-07-10 00:00:00,1783641600,0.0,0.0,0.0
2026-07-10,2026-07-11 00:00:00,1783728000,0.0,0.0,0.0
2026-07-13,2026-07-14 00:00:00,1783987200,0.0,0.0,0.0
2026-07-14,2026-07-15 00:00:00,1784073600,0.0,0.0,0.0
2026-07-15,2026-07-16 00:00:00,1784160000,0.0,0.0,0.0
2026-07-16,2026-07-17 00:00:00,1784246400,0.0,0.0,0.0
2026-07-17,2026-07-18 00:00:00,1784332800,0.0,0.0,0.0
2026-07-20,2026-07-21 00:00:00,1784592000,0.0,0.0,0.0
2026-07-21,2026-07-22 00:00:00,1784678400,0.0,0.0,0.0
2026-07-22,2026-07-23 00:00:00,1784764800,0.0,0.0,0.0
2026-07-23,2026-07-24 00:00:00,1784851200,0.0,0.0,0.0
2026-07-24,2026-07-25 00:00:00,1784937600,100000.0,0.0,0.0
2026-07-27,2026-07-28 00:00:00,1785196800,100199.49,199.49,0.002
2026-07-28,2026-07-29 00:00:00,1785283200,99225.58,-973.91,-0.0097
2026-07-29,2026-07-30 00:00:00,1785369600,99225.58,0.0,0.0
2026-07-30,2026-07-31 00:00:00,1785456000,100409.55,1183.97,0.0119
2026-07-31,2026-08-01 00:00:00,1785542400,101061.76,652.21,0.0065
2026-08-03,2026-08-04 00:00:00,1785801600,102836.24,1774.48,0.0176
2026-08-04,2026-08-05 00:00:00,1785888000,106329.38,3493.14,0.034
2026-08-05,2026-08-06 00:00:00,1785974400,105367.23,-962.15,-0.009
2026-08-06,2026-08-07 00:00:00,1786060800,104977.96,-389.27,-0.0037
2026-08-07,2026-08-08 00:00:00,1786147200,106208.93,1230.97,0.0117
2026-08-10,2026-08-11 00:00:00,1786406400,105891.64,-317.29,-0.003
2026-08-11,2026-08-12 00:00:00,1786492800,105536.15,-355.49,-0.0034
2026-08-12,2026-08-13 00:00:00,1786579200,106307.35,771.2,0.0073
2026-08-13,2026-08-14 00:00:00,1786665600,107536.85,1229.5,0.0116
2026-08-14,2026-08-15 00:00:00,1786752000,107389.96,-146.89,-0.0014
2026-08-17,2026-08-18 00:00:00,1787011200,107213.69,-176.27,-0.0016
2026-08-18,2026-08-19 00:00:00,1787097600,105377.85,-1835.84,-0.0171
2026-08-19,2026-08-20 00:00:00,1787184000,105155.81,-222.04,-0.0021
2026-08-20,2026-08-21 00:00:00,1787270400,104360.38,-795.43,-0.0076
2026-08-21,2026-08-22 00:00:00,1787356800,104745.06,384.68,0.0037
2026-08-24,2026-08-25 00:00:00,1787616000,103646.27,-1098.79,-0.0105
2026-08-25,2026-08-26 00:00:00,1787702400,104339.73,693.46,0.0067
2026-08-26,2026-08-27 00:00:00,1787788800,104432.32,92.59,0.0009
2026-08-27,2026-08-28 00:00:00,1787875200,106042.9,1610.58,0.0154
2026-08-28,2026-08-29 00:00:00,1787961600,105158.17,-884.73,-0.0083
2026-08-31,2026-09-01 00:00:00,1788220800,105217.26,59.09,0.0006
2026-09-01,2026-09-02 00:00:00,1788307200,103342.98,-1874.28,-0.0178
2026-09-02,2026-09-03 00:00:00,1788393600,103661.42,318.44,0.0031
2026-09-03,2026-09-04 00:00:00,1788480000,105879.83,2218.41,0.0214
2026-09-04,2026-09-05 00:00:00,1788566400,106213.74,333.91,0.0032
2026-09-08,2026-09-09 00:00:00,1788912000,106023.06,-190.68,-0.0018
2026-09-09,2026-09-10 00:00:00,1788998400,105444.89,-578.17,-0.0055
2026-09-10,2026-09-11 00:00:00,1789084800,103246.28,-2198.61,-0.0209
2026-09-11,2026-09-12 00:00:00,1789171200,104943.03,1696.75,0.0164
2026-09-14,2026-09-15 00:00:00,1789430400,103325.95,-1617.08,-0.0154
2026-09-15,2026-09-16 00:00:00,1789516800,102024.6,-1301.35,-0.0126
2026-09-16,2026-09-17 00:00:00,1789603200,102059.29,34.69,0.0003
2026-09-17,2026-09-18 00:00:00,1789689600,105445.35,3386.06,0.0332
2026-09-18,2026-09-19 00:00:00,1789776000,106712.72,1267.37,0.012
2026-09-21,2026-09-22 00:00:00,1790035200,112504.73,5792.01,0.0543
2026-09-22,2026-09-23 00:00:00,1790121600,114058.48,1553.75,0.0138
2026-09-23,2026-09-24 00:00:00,1790208000,112545.08,-1513.4,-0.0133
2026-09-24,2026-09-25 00:00:00,1790294400,112502.79,-42.29,-0.0004
2026-09-25,2026-09-26 00:00:00,1790380800,113265.96,763.17,0.0068
2026-09-28,2026-09-29 00:00:00,1790640000,111413.69,-1852.27,-0.0164
2026-09-29,2026-09-30 00:00:00,1790726400,111727.93,314.24,0.0028
2026-09-30,2026-10-01 00:00:00,1790812800,112147.69,419.76,0.0038
2026-10-01,2026-10-02 00:00:00,1790899200,112653.23,505.54,0.0045
2026-10-02,2026-10-03 00:00:00,1790985600,114465.89,1812.66,0.0161
